{"count":1,"self":323.1201536,"total":1777.8197787,"children":{"InitializeActuators":{"count":12,"self":0.0019947,"total":0.0019947,"children":null},"InitializeSensors":{"count":12,"self":0.0019944,"total":0.0019944,"children":null},"AgentSendState":{"count":583434,"self":4.833482,"total":29.910084899999998,"children":{"CollectObservations":{"count":1400244,"self":2.2619515999999997,"total":2.2619515,"children":null},"WriteActionMask":{"count":1400244,"self":0.6340173,"total":0.6340173,"children":null},"RequestDecision":{"count":1400244,"self":3.1985463999999997,"total":22.1806341,"children":{"AgentInfo.ToProto":{"count":1400244,"self":3.8468172,"total":18.9820878,"children":{"GenerateSensorData":{"count":1400244,"self":15.1352704,"total":15.135270499999999,"children":null}}}}}}},"DecideAction":{"count":583434,"self":1399.7983743999998,"total":1399.7983583999999,"children":null},"AgentAct":{"count":583434,"self":24.0737904,"total":24.073791099999998,"children":null},"AgentInfo.ToProto":{"count":32920,"self":0.20229129999999998,"total":0.91241149999999993,"children":{"GenerateSensorData":{"count":32920,"self":0.7101202,"total":0.7101202,"children":null}}}},"gauges":{"LoaderAntBehaviour.CumulativeReward":{"count":32920,"max":23.2398186,"min":-9.942916,"runningAverage":9.67862,"value":10.1464329,"weightedAverage":10.1182232}},"metadata":{"timer_format_version":"0.1.0","start_time_seconds":"1628438022","unity_version":"2021.1.3f1","command_line_arguments":"C:\\Program Files\\Unity\\Hub\\Editor\\2021.1.3f1\\Editor\\Unity.exe -projectpath C:\/AntFarm -useHub -hubIPC -cloudEnvironment production -hubSessionId b823a000-ebe6-11eb-a9dc-35f69b22bdb5 -accessToken vwRnoglurxiXs_7PCJ6AP5phPnmJ1Jc5i9qMRlsnv04009f","communication_protocol_version":"1.5.0","com.unity.ml-agents_version":"2.1.0-exp.1","scene_name":"SampleScene","end_time_seconds":"1628439800"}}